{
    "$schema": "https://schema.management.azure.com/schemas/2015-01-01/deploymentParameters.json#",
    "contentVersion": "1.0.0.0",
    "parameters": {
        "factoryName": {
            "value": "df-team10"
        },
        "AzureBlobStorage1_connectionString": {
            "value": ""
        },
        "AzureBlobStorage2_connectionString": {
            "value": ""
        },
        "AzureDataLakeStorage1_accountKey": {
            "value": ""
        },
        "AzureDataLakeStorage2_accountKey": {
            "value": ""
        },
        "AzureDataLakeStorage3_accountKey": {
            "value": ""
        },
        "AzureSqlDatabase1_connectionString": {
            "value": ""
        },
        "CosmosDbNoSql1_connectionString": {
            "value": ""
        },
        "SqlServer1_connectionString": {
            "value": ""
        },
        "AzureDataLakeStorage1_properties_typeProperties_url": {
            "value": "https://team10storage.dfs.core.windows.net/"
        },
        "AzureDataLakeStorage2_properties_typeProperties_url": {
            "value": "https://team10storage.dfs.core.windows.net/"
        },
        "AzureDataLakeStorage3_properties_typeProperties_url": {
            "value": "https://team10storage.dfs.core.windows.net/"
        }
    }
}