{
    "$schema": "http://schema.management.azure.com/schemas/2015-01-01/deploymentTemplate.json#",
    "contentVersion": "1.0.0.0",
    "parameters": {
        "factoryName": {
            "type": "string",
            "metadata": "Data Factory name",
            "defaultValue": "df-team10"
        },
        "AzureBlobStorage1_connectionString": {
            "type": "secureString",
            "metadata": "Secure string for 'connectionString' of 'AzureBlobStorage1'"
        },
        "AzureBlobStorage2_connectionString": {
            "type": "secureString",
            "metadata": "Secure string for 'connectionString' of 'AzureBlobStorage2'"
        },
        "AzureDataLakeStorage1_accountKey": {
            "type": "secureString",
            "metadata": "Secure string for 'accountKey' of 'AzureDataLakeStorage1'"
        },
        "AzureDataLakeStorage2_accountKey": {
            "type": "secureString",
            "metadata": "Secure string for 'accountKey' of 'AzureDataLakeStorage2'"
        },
        "AzureDataLakeStorage3_accountKey": {
            "type": "secureString",
            "metadata": "Secure string for 'accountKey' of 'AzureDataLakeStorage3'"
        },
        "AzureSqlDatabase1_connectionString": {
            "type": "secureString",
            "metadata": "Secure string for 'connectionString' of 'AzureSqlDatabase1'"
        },
        "CosmosDbNoSql1_connectionString": {
            "type": "secureString",
            "metadata": "Secure string for 'connectionString' of 'CosmosDbNoSql1'"
        },
        "AzureDataLakeStorage1_properties_typeProperties_url": {
            "type": "string",
            "defaultValue": "https://team10storage.dfs.core.windows.net/"
        },
        "AzureDataLakeStorage2_properties_typeProperties_url": {
            "type": "string",
            "defaultValue": "https://team10storage.dfs.core.windows.net/"
        },
        "AzureDataLakeStorage3_properties_typeProperties_url": {
            "type": "string",
            "defaultValue": "https://team10storage.dfs.core.windows.net/"
        }
    },
    "variables": {
        "factoryId": "[concat('Microsoft.DataFactory/factories/', parameters('factoryName'))]"
    },
    "resources": [
        {
            "name": "[concat(parameters('factoryName'), '/AzureBlobStorage1')]",
            "type": "Microsoft.DataFactory/factories/linkedServices",
            "apiVersion": "2018-06-01",
            "properties": {
                "annotations": [],
                "type": "AzureBlobStorage",
                "typeProperties": {
                    "connectionString": "[parameters('AzureBlobStorage1_connectionString')]"
                }
            },
            "dependsOn": []
        },
        {
            "name": "[concat(parameters('factoryName'), '/AzureBlobStorage2')]",
            "type": "Microsoft.DataFactory/factories/linkedServices",
            "apiVersion": "2018-06-01",
            "properties": {
                "annotations": [],
                "type": "AzureBlobStorage",
                "typeProperties": {
                    "connectionString": "[parameters('AzureBlobStorage2_connectionString')]"
                }
            },
            "dependsOn": []
        },
        {
            "name": "[concat(parameters('factoryName'), '/AzureDataLakeStorage1')]",
            "type": "Microsoft.DataFactory/factories/linkedServices",
            "apiVersion": "2018-06-01",
            "properties": {
                "annotations": [],
                "type": "AzureBlobFS",
                "typeProperties": {
                    "url": "[parameters('AzureDataLakeStorage1_properties_typeProperties_url')]",
                    "accountKey": {
                        "type": "SecureString",
                        "value": "[parameters('AzureDataLakeStorage1_accountKey')]"
                    }
                }
            },
            "dependsOn": []
        },
        {
            "name": "[concat(parameters('factoryName'), '/AzureDataLakeStorage2')]",
            "type": "Microsoft.DataFactory/factories/linkedServices",
            "apiVersion": "2018-06-01",
            "properties": {
                "annotations": [],
                "type": "AzureBlobFS",
                "typeProperties": {
                    "url": "[parameters('AzureDataLakeStorage2_properties_typeProperties_url')]",
                    "accountKey": {
                        "type": "SecureString",
                        "value": "[parameters('AzureDataLakeStorage2_accountKey')]"
                    }
                }
            },
            "dependsOn": []
        },
        {
            "name": "[concat(parameters('factoryName'), '/AzureDataLakeStorage3')]",
            "type": "Microsoft.DataFactory/factories/linkedServices",
            "apiVersion": "2018-06-01",
            "properties": {
                "annotations": [],
                "type": "AzureBlobFS",
                "typeProperties": {
                    "url": "[parameters('AzureDataLakeStorage3_properties_typeProperties_url')]",
                    "accountKey": {
                        "type": "SecureString",
                        "value": "[parameters('AzureDataLakeStorage3_accountKey')]"
                    }
                }
            },
            "dependsOn": []
        },
        {
            "name": "[concat(parameters('factoryName'), '/AzureSqlDatabase1')]",
            "type": "Microsoft.DataFactory/factories/linkedServices",
            "apiVersion": "2018-06-01",
            "properties": {
                "annotations": [],
                "type": "AzureSqlDatabase",
                "typeProperties": {
                    "connectionString": "[parameters('AzureSqlDatabase1_connectionString')]"
                }
            },
            "dependsOn": []
        },
        {
            "name": "[concat(parameters('factoryName'), '/CosmosDbNoSql1')]",
            "type": "Microsoft.DataFactory/factories/linkedServices",
            "apiVersion": "2018-06-01",
            "properties": {
                "annotations": [],
                "type": "CosmosDb",
                "typeProperties": {
                    "connectionString": "[parameters('CosmosDbNoSql1_connectionString')]"
                }
            },
            "dependsOn": []
        },
        {
            "name": "[concat(parameters('factoryName'), '/integrationRuntime1')]",
            "type": "Microsoft.DataFactory/factories/integrationRuntimes",
            "apiVersion": "2018-06-01",
            "properties": {
                "type": "SelfHosted",
                "typeProperties": {}
            },
            "dependsOn": []
        },
        {
            "name": "[concat(parameters('factoryName'), '/AzureSqlTable1')]",
            "type": "Microsoft.DataFactory/factories/datasets",
            "apiVersion": "2018-06-01",
            "properties": {
                "linkedServiceName": {
                    "referenceName": "AzureSqlDatabase1",
                    "type": "LinkedServiceReference"
                },
                "annotations": [],
                "type": "AzureSqlTable",
                "schema": [
                    {
                        "name": "DateKey",
                        "type": "int",
                        "precision": 10
                    },
                    {
                        "name": "FullDate",
                        "type": "date"
                    },
                    {
                        "name": "isWeekDay",
                        "type": "bit"
                    },
                    {
                        "name": "DayOfWeek",
                        "type": "int",
                        "precision": 10
                    },
                    {
                        "name": "DayOfMonth",
                        "type": "int",
                        "precision": 10
                    },
                    {
                        "name": "DayOfQuarter",
                        "type": "int",
                        "precision": 10
                    },
                    {
                        "name": "DayOfYear",
                        "type": "int",
                        "precision": 10
                    },
                    {
                        "name": "DayName",
                        "type": "varchar"
                    },
                    {
                        "name": "WeekOfYear",
                        "type": "int",
                        "precision": 10
                    },
                    {
                        "name": "WeekName",
                        "type": "varchar"
                    },
                    {
                        "name": "MonthOfYear",
                        "type": "int",
                        "precision": 10
                    },
                    {
                        "name": "MonthName",
                        "type": "varchar"
                    },
                    {
                        "name": "CalendarQuarter",
                        "type": "int",
                        "precision": 10
                    },
                    {
                        "name": "CalendarQuarterName",
                        "type": "varchar"
                    },
                    {
                        "name": "CalendarYear",
                        "type": "int",
                        "precision": 10
                    },
                    {
                        "name": "FiscalMonth",
                        "type": "int",
                        "precision": 10
                    },
                    {
                        "name": "FiscalMonthName",
                        "type": "varchar"
                    },
                    {
                        "name": "FiscalQuarter",
                        "type": "int",
                        "precision": 10
                    },
                    {
                        "name": "FiscalQuarterName",
                        "type": "varchar"
                    },
                    {
                        "name": "FiscalYear",
                        "type": "int",
                        "precision": 10
                    }
                ],
                "typeProperties": {
                    "schema": "dbo",
                    "table": "Dates"
                }
            },
            "dependsOn": [
                "[concat(variables('factoryId'), '/linkedServices/AzureSqlDatabase1')]"
            ]
        },
        {
            "name": "[concat(parameters('factoryName'), '/CosmosDbNoSqlContainer1')]",
            "type": "Microsoft.DataFactory/factories/datasets",
            "apiVersion": "2018-06-01",
            "properties": {
                "linkedServiceName": {
                    "referenceName": "CosmosDbNoSql1",
                    "type": "LinkedServiceReference"
                },
                "annotations": [],
                "type": "CosmosDbSqlApiCollection",
                "schema": {
                    "type": "object",
                    "properties": {
                        "CountryName": {
                            "type": "string"
                        },
                        "CountryCode": {
                            "type": "string"
                        },
                        "RegionName": {
                            "type": "null"
                        },
                        "RegionCode": {
                            "type": "null"
                        },
                        "Jurisdiction": {
                            "type": "string"
                        },
                        "Date": {
                            "type": "string"
                        },
                        "C1_School closing": {
                            "type": "integer"
                        },
                        "C1_Flag": {
                            "type": "integer"
                        },
                        "C2_Workplace closing": {
                            "type": "integer"
                        },
                        "C2_Flag": {
                            "type": "integer"
                        },
                        "C3_Cancel public events": {
                            "type": "integer"
                        },
                        "C3_Flag": {
                            "type": "integer"
                        },
                        "C4_Restrictions on gatherings": {
                            "type": "integer"
                        },
                        "C4_Flag": {
                            "type": "integer"
                        },
                        "C5_Close public transport": {
                            "type": "integer"
                        },
                        "C5_Flag": {
                            "type": "integer"
                        },
                        "C6_Stay at home requirements": {
                            "type": "integer"
                        },
                        "C6_Flag": {
                            "type": "integer"
                        },
                        "C7_Restrictions on internal movement": {
                            "type": "integer"
                        },
                        "C7_Flag": {
                            "type": "integer"
                        },
                        "C8_International travel controls": {
                            "type": "integer"
                        },
                        "E1_Income support": {
                            "type": "integer"
                        },
                        "E1_Flag": {
                            "type": "integer"
                        },
                        "E2_Debt contract relief": {
                            "type": "integer"
                        },
                        "E3_Fiscal measures": {
                            "type": "integer"
                        },
                        "E4_International support": {
                            "type": "integer"
                        },
                        "H1_Public information campaigns": {
                            "type": "integer"
                        },
                        "H1_Flag": {
                            "type": "integer"
                        },
                        "H2_Testing policy": {
                            "type": "integer"
                        },
                        "H3_Contact tracing": {
                            "type": "integer"
                        },
                        "H4_Emergency investment in healthcare": {
                            "type": "integer"
                        },
                        "H5_Investment in vaccines": {
                            "type": "integer"
                        },
                        "H6_Facial Coverings": {
                            "type": "integer"
                        },
                        "H6_Flag": {
                            "type": "integer"
                        },
                        "H7_Vaccination policy": {
                            "type": "integer"
                        },
                        "H7_Flag": {
                            "type": "integer"
                        },
                        "H8_Protection of elderly people": {
                            "type": "integer"
                        },
                        "H8_Flag": {
                            "type": "integer"
                        },
                        "M1_Wildcard": {
                            "type": "integer"
                        },
                        "StringencyIndex": {
                            "type": "integer"
                        },
                        "StringencyIndexForDisplay": {
                            "type": "integer"
                        },
                        "StringencyLegacyIndex": {
                            "type": "integer"
                        },
                        "StringencyLegacyIndexForDisplay": {
                            "type": "integer"
                        },
                        "GovernmentResponseIndex": {
                            "type": "integer"
                        },
                        "GovernmentResponseIndexForDisplay": {
                            "type": "integer"
                        },
                        "ContainmentHealthIndex": {
                            "type": "integer"
                        },
                        "ContainmentHealthIndexForDisplay": {
                            "type": "integer"
                        },
                        "EconomicSupportIndex": {
                            "type": "integer"
                        },
                        "EconomicSupportIndexForDisplay": {
                            "type": "integer"
                        }
                    }
                },
                "typeProperties": {
                    "collectionName": "covidpolicy"
                }
            },
            "dependsOn": [
                "[concat(variables('factoryId'), '/linkedServices/CosmosDbNoSql1')]"
            ]
        },
        {
            "name": "[concat(parameters('factoryName'), '/Cosmos_policydata_sink')]",
            "type": "Microsoft.DataFactory/factories/datasets",
            "apiVersion": "2018-06-01",
            "properties": {
                "linkedServiceName": {
                    "referenceName": "AzureDataLakeStorage2",
                    "type": "LinkedServiceReference"
                },
                "annotations": [],
                "type": "Parquet",
                "typeProperties": {
                    "location": {
                        "type": "AzureBlobFSLocation",
                        "fileName": "policy.parquet",
                        "fileSystem": "policydata"
                    },
                    "compressionCodec": "snappy"
                },
                "schema": []
            },
            "dependsOn": [
                "[concat(variables('factoryId'), '/linkedServices/AzureDataLakeStorage2')]"
            ]
        },
        {
            "name": "[concat(parameters('factoryName'), '/Country')]",
            "type": "Microsoft.DataFactory/factories/datasets",
            "apiVersion": "2018-06-01",
            "properties": {
                "linkedServiceName": {
                    "referenceName": "AzureSqlDatabase1",
                    "type": "LinkedServiceReference"
                },
                "annotations": [],
                "type": "AzureSqlTable",
                "schema": [
                    {
                        "name": "Country",
                        "type": "varchar"
                    },
                    {
                        "name": "CountryCode",
                        "type": "varchar"
                    },
                    {
                        "name": "Latitude",
                        "type": "decimal",
                        "precision": 10,
                        "scale": 5
                    },
                    {
                        "name": "Longitude",
                        "type": "decimal",
                        "precision": 10,
                        "scale": 5
                    }
                ],
                "typeProperties": {
                    "schema": "dbo",
                    "table": "Country"
                }
            },
            "dependsOn": [
                "[concat(variables('factoryId'), '/linkedServices/AzureSqlDatabase1')]"
            ]
        },
        {
            "name": "[concat(parameters('factoryName'), '/Covid')]",
            "type": "Microsoft.DataFactory/factories/datasets",
            "apiVersion": "2018-06-01",
            "properties": {
                "linkedServiceName": {
                    "referenceName": "AzureSqlDatabase1",
                    "type": "LinkedServiceReference"
                },
                "annotations": [],
                "type": "AzureSqlTable",
                "schema": [
                    {
                        "name": "ID",
                        "type": "int",
                        "precision": 10
                    },
                    {
                        "name": "Updated",
                        "type": "date"
                    },
                    {
                        "name": "Confirmed",
                        "type": "int",
                        "precision": 10
                    },
                    {
                        "name": "Confirmed_Change",
                        "type": "int",
                        "precision": 10
                    },
                    {
                        "name": "Deaths",
                        "type": "int",
                        "precision": 10
                    },
                    {
                        "name": "Deaths_Change",
                        "type": "int",
                        "precision": 10
                    },
                    {
                        "name": "Recovered",
                        "type": "int",
                        "precision": 10
                    },
                    {
                        "name": "Recovered_Change",
                        "type": "int",
                        "precision": 10
                    },
                    {
                        "name": "Latitude",
                        "type": "decimal",
                        "precision": 10,
                        "scale": 5
                    },
                    {
                        "name": "Longitude",
                        "type": "decimal",
                        "precision": 10,
                        "scale": 5
                    },
                    {
                        "name": "ISO2",
                        "type": "varchar"
                    },
                    {
                        "name": "ISO3",
                        "type": "varchar"
                    },
                    {
                        "name": "Country_Region",
                        "type": "varchar"
                    },
                    {
                        "name": "load_time",
                        "type": "datetime",
                        "precision": 23,
                        "scale": 3
                    }
                ],
                "typeProperties": {
                    "schema": "dbo",
                    "table": "Covid19_Metrics"
                }
            },
            "dependsOn": [
                "[concat(variables('factoryId'), '/linkedServices/AzureSqlDatabase1')]"
            ]
        },
        {
            "name": "[concat(parameters('factoryName'), '/Dates')]",
            "type": "Microsoft.DataFactory/factories/datasets",
            "apiVersion": "2018-06-01",
            "properties": {
                "linkedServiceName": {
                    "referenceName": "AzureSqlDatabase1",
                    "type": "LinkedServiceReference"
                },
                "annotations": [],
                "type": "AzureSqlTable",
                "schema": [
                    {
                        "name": "DateKey",
                        "type": "int",
                        "precision": 10
                    },
                    {
                        "name": "FullDate",
                        "type": "date"
                    },
                    {
                        "name": "isWeekDay",
                        "type": "bit"
                    },
                    {
                        "name": "DayOfWeek",
                        "type": "int",
                        "precision": 10
                    },
                    {
                        "name": "DayOfMonth",
                        "type": "int",
                        "precision": 10
                    },
                    {
                        "name": "DayOfQuarter",
                        "type": "int",
                        "precision": 10
                    },
                    {
                        "name": "DayOfYear",
                        "type": "int",
                        "precision": 10
                    },
                    {
                        "name": "DayName",
                        "type": "varchar"
                    },
                    {
                        "name": "WeekOfYear",
                        "type": "int",
                        "precision": 10
                    },
                    {
                        "name": "WeekName",
                        "type": "varchar"
                    },
                    {
                        "name": "MonthOfYear",
                        "type": "int",
                        "precision": 10
                    },
                    {
                        "name": "MonthName",
                        "type": "varchar"
                    },
                    {
                        "name": "CalendarQuarter",
                        "type": "int",
                        "precision": 10
                    },
                    {
                        "name": "CalendarQuarterName",
                        "type": "varchar"
                    },
                    {
                        "name": "CalendarYear",
                        "type": "int",
                        "precision": 10
                    },
                    {
                        "name": "FiscalMonth",
                        "type": "int",
                        "precision": 10
                    },
                    {
                        "name": "FiscalMonthName",
                        "type": "varchar"
                    },
                    {
                        "name": "FiscalQuarter",
                        "type": "int",
                        "precision": 10
                    },
                    {
                        "name": "FiscalQuarterName",
                        "type": "varchar"
                    },
                    {
                        "name": "FiscalYear",
                        "type": "int",
                        "precision": 10
                    }
                ],
                "typeProperties": {
                    "schema": "dbo",
                    "table": "Dates"
                }
            },
            "dependsOn": [
                "[concat(variables('factoryId'), '/linkedServices/AzureSqlDatabase1')]"
            ]
        },
        {
            "name": "[concat(parameters('factoryName'), '/Final_policy')]",
            "type": "Microsoft.DataFactory/factories/datasets",
            "apiVersion": "2018-06-01",
            "properties": {
                "linkedServiceName": {
                    "referenceName": "AzureDataLakeStorage2",
                    "type": "LinkedServiceReference"
                },
                "annotations": [],
                "type": "Parquet",
                "typeProperties": {
                    "location": {
                        "type": "AzureBlobFSLocation",
                        "fileName": "Final_policy.parquet",
                        "fileSystem": "ods-metricandpolicy"
                    },
                    "compressionCodec": "snappy"
                },
                "schema": []
            },
            "dependsOn": [
                "[concat(variables('factoryId'), '/linkedServices/AzureDataLakeStorage2')]"
            ]
        },
        {
            "name": "[concat(parameters('factoryName'), '/ODSDatesParquet')]",
            "type": "Microsoft.DataFactory/factories/datasets",
            "apiVersion": "2018-06-01",
            "properties": {
                "linkedServiceName": {
                    "referenceName": "AzureDataLakeStorage2",
                    "type": "LinkedServiceReference"
                },
                "annotations": [],
                "type": "Parquet",
                "typeProperties": {
                    "location": {
                        "type": "AzureBlobFSLocation",
                        "fileName": "dates.parquet",
                        "fileSystem": "ods-metricandpolicy"
                    },
                    "compressionCodec": "snappy"
                },
                "schema": [
                    {
                        "name": "DateKey",
                        "type": "INT32"
                    },
                    {
                        "name": "FullDate",
                        "type": "DATE"
                    },
                    {
                        "name": "isWeekDay",
                        "type": "BOOLEAN"
                    },
                    {
                        "name": "DayOfWeek",
                        "type": "INT32"
                    },
                    {
                        "name": "DayOfMonth",
                        "type": "INT32"
                    },
                    {
                        "name": "DayOfQuarter",
                        "type": "INT32"
                    },
                    {
                        "name": "DayOfYear",
                        "type": "INT32"
                    },
                    {
                        "name": "DayName",
                        "type": "UTF8"
                    },
                    {
                        "name": "WeekOfYear",
                        "type": "INT32"
                    },
                    {
                        "name": "WeekName",
                        "type": "UTF8"
                    },
                    {
                        "name": "MonthOfYear",
                        "type": "INT32"
                    },
                    {
                        "name": "MonthName",
                        "type": "UTF8"
                    },
                    {
                        "name": "CalendarQuarter",
                        "type": "INT32"
                    },
                    {
                        "name": "CalendarQuarterName",
                        "type": "UTF8"
                    },
                    {
                        "name": "CalendarYear",
                        "type": "INT32"
                    },
                    {
                        "name": "FiscalMonth",
                        "type": "INT32"
                    },
                    {
                        "name": "FiscalMonthName",
                        "type": "UTF8"
                    },
                    {
                        "name": "FiscalQuarter",
                        "type": "INT32"
                    },
                    {
                        "name": "FiscalQuarterName",
                        "type": "UTF8"
                    },
                    {
                        "name": "FiscalYear",
                        "type": "INT32"
                    }
                ]
            },
            "dependsOn": [
                "[concat(variables('factoryId'), '/linkedServices/AzureDataLakeStorage2')]"
            ]
        },
        {
            "name": "[concat(parameters('factoryName'), '/ODSGeoParquet')]",
            "type": "Microsoft.DataFactory/factories/datasets",
            "apiVersion": "2018-06-01",
            "properties": {
                "linkedServiceName": {
                    "referenceName": "AzureBlobStorage2",
                    "type": "LinkedServiceReference"
                },
                "annotations": [],
                "type": "Parquet",
                "typeProperties": {
                    "location": {
                        "type": "AzureBlobStorageLocation",
                        "fileName": "geography.parquet",
                        "container": "ods-metricandpolicy"
                    },
                    "compressionCodec": "snappy"
                },
                "schema": []
            },
            "dependsOn": [
                "[concat(variables('factoryId'), '/linkedServices/AzureBlobStorage2')]"
            ]
        },
        {
            "name": "[concat(parameters('factoryName'), '/ODSPolicyParquet')]",
            "type": "Microsoft.DataFactory/factories/datasets",
            "apiVersion": "2018-06-01",
            "properties": {
                "linkedServiceName": {
                    "referenceName": "AzureDataLakeStorage2",
                    "type": "LinkedServiceReference"
                },
                "annotations": [],
                "type": "Parquet",
                "typeProperties": {
                    "location": {
                        "type": "AzureBlobFSLocation",
                        "fileName": "policy.parquet",
                        "fileSystem": "ods-metricandpolicy"
                    },
                    "compressionCodec": "snappy"
                },
                "schema": [
                    {
                        "name": "CountryName",
                        "type": "UTF8"
                    },
                    {
                        "name": "CountryCode",
                        "type": "UTF8"
                    },
                    {
                        "name": "RegionName",
                        "type": "UTF8"
                    },
                    {
                        "name": "RegionCode",
                        "type": "UTF8"
                    },
                    {
                        "name": "Jurisdiction",
                        "type": "UTF8"
                    },
                    {
                        "name": "Date",
                        "type": "INT96"
                    },
                    {
                        "name": "C1_School_closing",
                        "type": "INT64"
                    },
                    {
                        "name": "C1_Flag",
                        "type": "DOUBLE"
                    },
                    {
                        "name": "C2_Workplace_closing",
                        "type": "INT64"
                    },
                    {
                        "name": "C2_Flag",
                        "type": "DOUBLE"
                    },
                    {
                        "name": "C3_Cancel_public_events",
                        "type": "DOUBLE"
                    },
                    {
                        "name": "C3_Flag",
                        "type": "DOUBLE"
                    },
                    {
                        "name": "C4_Restrictions_on_gatherings",
                        "type": "DOUBLE"
                    },
                    {
                        "name": "C4_Flag",
                        "type": "DOUBLE"
                    },
                    {
                        "name": "C5_Close_public_transport",
                        "type": "DOUBLE"
                    },
                    {
                        "name": "C5_Flag",
                        "type": "DOUBLE"
                    },
                    {
                        "name": "C6_Stay_at_home_requirements",
                        "type": "DOUBLE"
                    },
                    {
                        "name": "C6_Flag",
                        "type": "DOUBLE"
                    },
                    {
                        "name": "C7_Restrictions_on_internal_movement",
                        "type": "DOUBLE"
                    },
                    {
                        "name": "C7_Flag",
                        "type": "DOUBLE"
                    },
                    {
                        "name": "C8_International_travel_controls",
                        "type": "DOUBLE"
                    },
                    {
                        "name": "E1_Income_support",
                        "type": "INT64"
                    },
                    {
                        "name": "E1_Flag",
                        "type": "DOUBLE"
                    },
                    {
                        "name": "E2_Debt_contract_relief",
                        "type": "DOUBLE"
                    },
                    {
                        "name": "E3_Fiscal_measures",
                        "type": "DOUBLE"
                    },
                    {
                        "name": "E4_International_support",
                        "type": "DOUBLE"
                    },
                    {
                        "name": "H1_Public_information_campaigns",
                        "type": "DOUBLE"
                    },
                    {
                        "name": "H1_Flag",
                        "type": "DOUBLE"
                    },
                    {
                        "name": "H2_Testing_policy",
                        "type": "DOUBLE"
                    },
                    {
                        "name": "H3_Contact_tracing",
                        "type": "DOUBLE"
                    },
                    {
                        "name": "H4_Emergency_investment_in_healthcare",
                        "type": "DOUBLE"
                    },
                    {
                        "name": "H5_Investment_in_vaccines",
                        "type": "DOUBLE"
                    },
                    {
                        "name": "H6_Facial_Coverings",
                        "type": "DOUBLE"
                    },
                    {
                        "name": "H6_Flag",
                        "type": "DOUBLE"
                    },
                    {
                        "name": "H7_Vaccination_policy",
                        "type": "DOUBLE"
                    },
                    {
                        "name": "H7_Flag",
                        "type": "DOUBLE"
                    },
                    {
                        "name": "H8_Protection_of_elderly_people",
                        "type": "DOUBLE"
                    },
                    {
                        "name": "H8_Flag",
                        "type": "DOUBLE"
                    },
                    {
                        "name": "M1_Wildcard",
                        "type": "DOUBLE"
                    },
                    {
                        "name": "StringencyIndex",
                        "type": "DOUBLE"
                    },
                    {
                        "name": "StringencyIndexForDisplay",
                        "type": "DOUBLE"
                    },
                    {
                        "name": "StringencyLegacyIndex",
                        "type": "DOUBLE"
                    },
                    {
                        "name": "StringencyLegacyIndexForDisplay",
                        "type": "DOUBLE"
                    },
                    {
                        "name": "GovernmentResponseIndex",
                        "type": "DOUBLE"
                    },
                    {
                        "name": "GovernmentResponseIndexForDisplay",
                        "type": "DOUBLE"
                    },
                    {
                        "name": "ContainmentHealthIndex",
                        "type": "DOUBLE"
                    },
                    {
                        "name": "ContainmentHealthIndexForDisplay",
                        "type": "DOUBLE"
                    },
                    {
                        "name": "EconomicSupportIndex",
                        "type": "DOUBLE"
                    },
                    {
                        "name": "EconomicSupportIndexForDisplay",
                        "type": "DOUBLE"
                    },
                    {
                        "name": "id",
                        "type": "UTF8"
                    },
                    {
                        "name": "_rid",
                        "type": "UTF8"
                    },
                    {
                        "name": "_self",
                        "type": "UTF8"
                    },
                    {
                        "name": "_etag",
                        "type": "UTF8"
                    },
                    {
                        "name": "_attachments",
                        "type": "UTF8"
                    },
                    {
                        "name": "_ts",
                        "type": "INT64"
                    }
                ]
            },
            "dependsOn": [
                "[concat(variables('factoryId'), '/linkedServices/AzureDataLakeStorage2')]"
            ]
        },
        {
            "name": "[concat(parameters('factoryName'), '/ODSRecoveries_sink')]",
            "type": "Microsoft.DataFactory/factories/datasets",
            "apiVersion": "2018-06-01",
            "properties": {
                "linkedServiceName": {
                    "referenceName": "AzureDataLakeStorage2",
                    "type": "LinkedServiceReference"
                },
                "annotations": [],
                "type": "Parquet",
                "typeProperties": {
                    "location": {
                        "type": "AzureBlobFSLocation",
                        "fileName": "recoveries.parquet",
                        "fileSystem": "ods-metricandpolicy"
                    },
                    "compressionCodec": "none"
                },
                "schema": [
                    {
                        "name": "ID",
                        "type": "INT32"
                    },
                    {
                        "name": "Updated",
                        "type": "DATE"
                    },
                    {
                        "name": "Confirmed",
                        "type": "INT32"
                    },
                    {
                        "name": "Confirmed_Change",
                        "type": "INT32"
                    },
                    {
                        "name": "Deaths",
                        "type": "INT32"
                    },
                    {
                        "name": "Deaths_Change",
                        "type": "INT32"
                    },
                    {
                        "name": "Recovered",
                        "type": "INT32"
                    },
                    {
                        "name": "Recovered_Change",
                        "type": "INT32"
                    },
                    {
                        "name": "Latitude",
                        "type": "DECIMAL",
                        "precision": 10,
                        "scale": 5
                    },
                    {
                        "name": "Longitude",
                        "type": "DECIMAL",
                        "precision": 10,
                        "scale": 5
                    },
                    {
                        "name": "ISO2",
                        "type": "UTF8"
                    },
                    {
                        "name": "ISO3",
                        "type": "UTF8"
                    },
                    {
                        "name": "Country_Region",
                        "type": "UTF8"
                    },
                    {
                        "name": "load_time",
                        "type": "INT96"
                    }
                ]
            },
            "dependsOn": [
                "[concat(variables('factoryId'), '/linkedServices/AzureDataLakeStorage2')]"
            ]
        },
        {
            "name": "[concat(parameters('factoryName'), '/ODS_deaths_sink')]",
            "type": "Microsoft.DataFactory/factories/datasets",
            "apiVersion": "2018-06-01",
            "properties": {
                "linkedServiceName": {
                    "referenceName": "AzureDataLakeStorage2",
                    "type": "LinkedServiceReference"
                },
                "annotations": [],
                "type": "Parquet",
                "typeProperties": {
                    "location": {
                        "type": "AzureBlobFSLocation",
                        "fileName": "deaths.parquet",
                        "fileSystem": "ods-metricandpolicy"
                    },
                    "compressionCodec": "none"
                },
                "schema": [
                    {
                        "name": "ID",
                        "type": "INT32"
                    },
                    {
                        "name": "Updated",
                        "type": "DATE"
                    },
                    {
                        "name": "Confirmed",
                        "type": "INT32"
                    },
                    {
                        "name": "Confirmed_Change",
                        "type": "INT32"
                    },
                    {
                        "name": "Deaths",
                        "type": "INT32"
                    },
                    {
                        "name": "Deaths_Change",
                        "type": "INT32"
                    },
                    {
                        "name": "Recovered",
                        "type": "INT32"
                    },
                    {
                        "name": "Recovered_Change",
                        "type": "INT32"
                    },
                    {
                        "name": "Latitude",
                        "type": "DECIMAL",
                        "precision": 10,
                        "scale": 5
                    },
                    {
                        "name": "Longitude",
                        "type": "DECIMAL",
                        "precision": 10,
                        "scale": 5
                    },
                    {
                        "name": "ISO2",
                        "type": "UTF8"
                    },
                    {
                        "name": "ISO3",
                        "type": "UTF8"
                    },
                    {
                        "name": "Country_Region",
                        "type": "UTF8"
                    },
                    {
                        "name": "load_time",
                        "type": "INT96"
                    }
                ]
            },
            "dependsOn": [
                "[concat(variables('factoryId'), '/linkedServices/AzureDataLakeStorage2')]"
            ]
        }
    ]
}