{
    "$schema": "http://schema.management.azure.com/schemas/2015-01-01/deploymentTemplate.json#",
    "contentVersion": "1.0.0.0",
    "parameters": {
        "factoryName": {
            "type": "string",
            "metadata": "Data Factory name",
            "defaultValue": "df-team10"
        }
    },
    "variables": {
        "factoryId": "[concat('Microsoft.DataFactory/factories/', parameters('factoryName'))]"
    },
    "resources": [
        {
            "name": "[concat(parameters('factoryName'), '/ODScases_sink')]",
            "type": "Microsoft.DataFactory/factories/datasets",
            "apiVersion": "2018-06-01",
            "properties": {
                "linkedServiceName": {
                    "referenceName": "AzureDataLakeStorage2",
                    "type": "LinkedServiceReference"
                },
                "annotations": [],
                "type": "Parquet",
                "typeProperties": {
                    "location": {
                        "type": "AzureBlobFSLocation",
                        "fileName": "cases.parquet",
                        "fileSystem": "ods-metricandpolicy"
                    },
                    "compressionCodec": "none"
                },
                "schema": [
                    {
                        "name": "ID",
                        "type": "INT32"
                    },
                    {
                        "name": "Updated",
                        "type": "DATE"
                    },
                    {
                        "name": "Confirmed",
                        "type": "INT32"
                    },
                    {
                        "name": "Confirmed_Change",
                        "type": "INT32"
                    },
                    {
                        "name": "Deaths",
                        "type": "INT32"
                    },
                    {
                        "name": "Deaths_Change",
                        "type": "INT32"
                    },
                    {
                        "name": "Recovered",
                        "type": "INT32"
                    },
                    {
                        "name": "Recovered_Change",
                        "type": "INT32"
                    },
                    {
                        "name": "Latitude",
                        "type": "DECIMAL",
                        "precision": 10,
                        "scale": 5
                    },
                    {
                        "name": "Longitude",
                        "type": "DECIMAL",
                        "precision": 10,
                        "scale": 5
                    },
                    {
                        "name": "ISO2",
                        "type": "UTF8"
                    },
                    {
                        "name": "ISO3",
                        "type": "UTF8"
                    },
                    {
                        "name": "Country_Region",
                        "type": "UTF8"
                    },
                    {
                        "name": "load_time",
                        "type": "INT96"
                    }
                ]
            },
            "dependsOn": []
        },
        {
            "name": "[concat(parameters('factoryName'), '/ODSdeaths_sink')]",
            "type": "Microsoft.DataFactory/factories/datasets",
            "apiVersion": "2018-06-01",
            "properties": {
                "linkedServiceName": {
                    "referenceName": "AzureDataLakeStorage2",
                    "type": "LinkedServiceReference"
                },
                "annotations": [],
                "type": "Parquet",
                "typeProperties": {
                    "location": {
                        "type": "AzureBlobFSLocation",
                        "fileName": "deaths.parquet",
                        "fileSystem": "ods-metricandpolicy"
                    },
                    "compressionCodec": "none"
                },
                "schema": [
                    {
                        "name": "ID",
                        "type": "INT32"
                    },
                    {
                        "name": "Updated",
                        "type": "DATE"
                    },
                    {
                        "name": "Confirmed",
                        "type": "INT32"
                    },
                    {
                        "name": "Confirmed_Change",
                        "type": "INT32"
                    },
                    {
                        "name": "Deaths",
                        "type": "INT32"
                    },
                    {
                        "name": "Deaths_Change",
                        "type": "INT32"
                    },
                    {
                        "name": "Recovered",
                        "type": "INT32"
                    },
                    {
                        "name": "Recovered_Change",
                        "type": "INT32"
                    },
                    {
                        "name": "Latitude",
                        "type": "DECIMAL",
                        "precision": 10,
                        "scale": 5
                    },
                    {
                        "name": "Longitude",
                        "type": "DECIMAL",
                        "precision": 10,
                        "scale": 5
                    },
                    {
                        "name": "ISO2",
                        "type": "UTF8"
                    },
                    {
                        "name": "ISO3",
                        "type": "UTF8"
                    },
                    {
                        "name": "Country_Region",
                        "type": "UTF8"
                    },
                    {
                        "name": "load_time",
                        "type": "INT96"
                    }
                ]
            },
            "dependsOn": []
        },
        {
            "name": "[concat(parameters('factoryName'), '/Parquet1')]",
            "type": "Microsoft.DataFactory/factories/datasets",
            "apiVersion": "2018-06-01",
            "properties": {
                "linkedServiceName": {
                    "referenceName": "AzureDataLakeStorage2",
                    "type": "LinkedServiceReference"
                },
                "annotations": [],
                "type": "Parquet",
                "typeProperties": {
                    "location": {
                        "type": "AzureBlobFSLocation",
                        "fileName": "policy.parquet",
                        "fileSystem": "policydata"
                    },
                    "compressionCodec": "snappy"
                },
                "schema": []
            },
            "dependsOn": []
        },
        {
            "name": "[concat(parameters('factoryName'), '/Parquet10')]",
            "type": "Microsoft.DataFactory/factories/datasets",
            "apiVersion": "2018-06-01",
            "properties": {
                "linkedServiceName": {
                    "referenceName": "AzureDataLakeStorage2",
                    "type": "LinkedServiceReference"
                },
                "annotations": [],
                "type": "Parquet",
                "typeProperties": {
                    "location": {
                        "type": "AzureBlobFSLocation",
                        "fileName": "recoveries.parquet",
                        "fileSystem": "ods-metricandpolicy"
                    },
                    "compressionCodec": "snappy"
                },
                "schema": [
                    {
                        "name": "ID",
                        "type": "INT32"
                    },
                    {
                        "name": "Updated",
                        "type": "DATE"
                    },
                    {
                        "name": "Confirmed",
                        "type": "INT32"
                    },
                    {
                        "name": "Confirmed_Change",
                        "type": "INT32"
                    },
                    {
                        "name": "Deaths",
                        "type": "INT32"
                    },
                    {
                        "name": "Deaths_Change",
                        "type": "INT32"
                    },
                    {
                        "name": "Recovered",
                        "type": "INT32"
                    },
                    {
                        "name": "Recovered_Change",
                        "type": "INT32"
                    },
                    {
                        "name": "Latitude",
                        "type": "DECIMAL",
                        "precision": 10,
                        "scale": 5
                    },
                    {
                        "name": "Longitude",
                        "type": "DECIMAL",
                        "precision": 10,
                        "scale": 5
                    },
                    {
                        "name": "ISO2",
                        "type": "UTF8"
                    },
                    {
                        "name": "ISO3",
                        "type": "UTF8"
                    },
                    {
                        "name": "Country_Region",
                        "type": "UTF8"
                    },
                    {
                        "name": "load_time",
                        "type": "INT96"
                    }
                ]
            },
            "dependsOn": []
        },
        {
            "name": "[concat(parameters('factoryName'), '/Parquet11')]",
            "type": "Microsoft.DataFactory/factories/datasets",
            "apiVersion": "2018-06-01",
            "properties": {
                "linkedServiceName": {
                    "referenceName": "AzureDataLakeStorage2",
                    "type": "LinkedServiceReference"
                },
                "annotations": [],
                "type": "Parquet",
                "typeProperties": {
                    "location": {
                        "type": "AzureBlobFSLocation",
                        "fileName": "deaths.parquet",
                        "fileSystem": "ods-metricandpolicy"
                    },
                    "compressionCodec": "snappy"
                },
                "schema": [
                    {
                        "name": "ID",
                        "type": "INT32"
                    },
                    {
                        "name": "Updated",
                        "type": "DATE"
                    },
                    {
                        "name": "Confirmed",
                        "type": "INT32"
                    },
                    {
                        "name": "Confirmed_Change",
                        "type": "INT32"
                    },
                    {
                        "name": "Deaths",
                        "type": "INT32"
                    },
                    {
                        "name": "Deaths_Change",
                        "type": "INT32"
                    },
                    {
                        "name": "Recovered",
                        "type": "INT32"
                    },
                    {
                        "name": "Recovered_Change",
                        "type": "INT32"
                    },
                    {
                        "name": "Latitude",
                        "type": "DECIMAL",
                        "precision": 10,
                        "scale": 5
                    },
                    {
                        "name": "Longitude",
                        "type": "DECIMAL",
                        "precision": 10,
                        "scale": 5
                    },
                    {
                        "name": "ISO2",
                        "type": "UTF8"
                    },
                    {
                        "name": "ISO3",
                        "type": "UTF8"
                    },
                    {
                        "name": "Country_Region",
                        "type": "UTF8"
                    },
                    {
                        "name": "load_time",
                        "type": "INT96"
                    }
                ]
            },
            "dependsOn": []
        },
        {
            "name": "[concat(parameters('factoryName'), '/Parquet12')]",
            "type": "Microsoft.DataFactory/factories/datasets",
            "apiVersion": "2018-06-01",
            "properties": {
                "linkedServiceName": {
                    "referenceName": "AzureDataLakeStorage2",
                    "type": "LinkedServiceReference"
                },
                "annotations": [],
                "type": "Parquet",
                "typeProperties": {
                    "location": {
                        "type": "AzureBlobFSLocation",
                        "fileName": "cases.parquet",
                        "fileSystem": "ods-metricandpolicy"
                    },
                    "compressionCodec": "snappy"
                },
                "schema": [
                    {
                        "name": "ID",
                        "type": "INT32"
                    },
                    {
                        "name": "Updated",
                        "type": "DATE"
                    },
                    {
                        "name": "Confirmed",
                        "type": "INT32"
                    },
                    {
                        "name": "Confirmed_Change",
                        "type": "INT32"
                    },
                    {
                        "name": "Deaths",
                        "type": "INT32"
                    },
                    {
                        "name": "Deaths_Change",
                        "type": "INT32"
                    },
                    {
                        "name": "Recovered",
                        "type": "INT32"
                    },
                    {
                        "name": "Recovered_Change",
                        "type": "INT32"
                    },
                    {
                        "name": "Latitude",
                        "type": "DECIMAL",
                        "precision": 10,
                        "scale": 5
                    },
                    {
                        "name": "Longitude",
                        "type": "DECIMAL",
                        "precision": 10,
                        "scale": 5
                    },
                    {
                        "name": "ISO2",
                        "type": "UTF8"
                    },
                    {
                        "name": "ISO3",
                        "type": "UTF8"
                    },
                    {
                        "name": "Country_Region",
                        "type": "UTF8"
                    },
                    {
                        "name": "load_time",
                        "type": "INT96"
                    }
                ]
            },
            "dependsOn": []
        },
        {
            "name": "[concat(parameters('factoryName'), '/Parquet2')]",
            "type": "Microsoft.DataFactory/factories/datasets",
            "apiVersion": "2018-06-01",
            "properties": {
                "linkedServiceName": {
                    "referenceName": "AzureBlobStorage2",
                    "type": "LinkedServiceReference"
                },
                "annotations": [],
                "type": "Parquet",
                "typeProperties": {
                    "location": {
                        "type": "AzureBlobStorageLocation",
                        "fileName": "country.parquet",
                        "container": "azuresqldata"
                    },
                    "compressionCodec": "snappy"
                },
                "schema": []
            },
            "dependsOn": []
        },
        {
            "name": "[concat(parameters('factoryName'), '/Parquet3')]",
            "type": "Microsoft.DataFactory/factories/datasets",
            "apiVersion": "2018-06-01",
            "properties": {
                "linkedServiceName": {
                    "referenceName": "AzureDataLakeStorage2",
                    "type": "LinkedServiceReference"
                },
                "annotations": [],
                "type": "Parquet",
                "typeProperties": {
                    "location": {
                        "type": "AzureBlobFSLocation",
                        "fileSystem": "vmdata"
                    },
                    "compressionCodec": "snappy"
                },
                "schema": []
            },
            "dependsOn": []
        },
        {
            "name": "[concat(parameters('factoryName'), '/Parquet4')]",
            "type": "Microsoft.DataFactory/factories/datasets",
            "apiVersion": "2018-06-01",
            "properties": {
                "linkedServiceName": {
                    "referenceName": "AzureDataLakeStorage2",
                    "type": "LinkedServiceReference"
                },
                "annotations": [],
                "type": "Parquet",
                "typeProperties": {
                    "location": {
                        "type": "AzureBlobFSLocation",
                        "fileSystem": "vmdata"
                    },
                    "compressionCodec": "snappy"
                },
                "schema": []
            },
            "dependsOn": []
        },
        {
            "name": "[concat(parameters('factoryName'), '/Parquet5')]",
            "type": "Microsoft.DataFactory/factories/datasets",
            "apiVersion": "2018-06-01",
            "properties": {
                "linkedServiceName": {
                    "referenceName": "AzureDataLakeStorage2",
                    "type": "LinkedServiceReference"
                },
                "annotations": [],
                "type": "Parquet",
                "typeProperties": {
                    "location": {
                        "type": "AzureBlobFSLocation",
                        "fileSystem": "vmdata"
                    },
                    "compressionCodec": "snappy"
                },
                "schema": []
            },
            "dependsOn": []
        },
        {
            "name": "[concat(parameters('factoryName'), '/Parquet6')]",
            "type": "Microsoft.DataFactory/factories/datasets",
            "apiVersion": "2018-06-01",
            "properties": {
                "linkedServiceName": {
                    "referenceName": "AzureDataLakeStorage2",
                    "type": "LinkedServiceReference"
                },
                "annotations": [],
                "type": "Parquet",
                "typeProperties": {
                    "location": {
                        "type": "AzureBlobFSLocation",
                        "fileSystem": "ods-metricandpolicy"
                    },
                    "compressionCodec": "snappy"
                },
                "schema": []
            },
            "dependsOn": []
        },
        {
            "name": "[concat(parameters('factoryName'), '/Parquet7')]",
            "type": "Microsoft.DataFactory/factories/datasets",
            "apiVersion": "2018-06-01",
            "properties": {
                "linkedServiceName": {
                    "referenceName": "AzureDataLakeStorage2",
                    "type": "LinkedServiceReference"
                },
                "annotations": [],
                "type": "Parquet",
                "typeProperties": {
                    "location": {
                        "type": "AzureBlobFSLocation",
                        "fileName": "dates.parquet",
                        "fileSystem": "azuresqldata"
                    },
                    "compressionCodec": "snappy"
                },
                "schema": [
                    {
                        "name": "DateKey",
                        "type": "INT32"
                    },
                    {
                        "name": "FullDate",
                        "type": "DATE"
                    },
                    {
                        "name": "isWeekDay",
                        "type": "BOOLEAN"
                    },
                    {
                        "name": "DayOfWeek",
                        "type": "INT32"
                    },
                    {
                        "name": "DayOfMonth",
                        "type": "INT32"
                    },
                    {
                        "name": "DayOfQuarter",
                        "type": "INT32"
                    },
                    {
                        "name": "DayOfYear",
                        "type": "INT32"
                    },
                    {
                        "name": "DayName",
                        "type": "UTF8"
                    },
                    {
                        "name": "WeekOfYear",
                        "type": "INT32"
                    },
                    {
                        "name": "WeekName",
                        "type": "UTF8"
                    },
                    {
                        "name": "MonthOfYear",
                        "type": "INT32"
                    },
                    {
                        "name": "MonthName",
                        "type": "UTF8"
                    },
                    {
                        "name": "CalendarQuarter",
                        "type": "INT32"
                    },
                    {
                        "name": "CalendarQuarterName",
                        "type": "UTF8"
                    },
                    {
                        "name": "CalendarYear",
                        "type": "INT32"
                    },
                    {
                        "name": "FiscalMonth",
                        "type": "INT32"
                    },
                    {
                        "name": "FiscalMonthName",
                        "type": "UTF8"
                    },
                    {
                        "name": "FiscalQuarter",
                        "type": "INT32"
                    },
                    {
                        "name": "FiscalQuarterName",
                        "type": "UTF8"
                    },
                    {
                        "name": "FiscalYear",
                        "type": "INT32"
                    }
                ]
            },
            "dependsOn": []
        },
        {
            "name": "[concat(parameters('factoryName'), '/Parquet8')]",
            "type": "Microsoft.DataFactory/factories/datasets",
            "apiVersion": "2018-06-01",
            "properties": {
                "linkedServiceName": {
                    "referenceName": "AzureDataLakeStorage2",
                    "type": "LinkedServiceReference"
                },
                "annotations": [],
                "type": "Parquet",
                "typeProperties": {
                    "location": {
                        "type": "AzureBlobFSLocation",
                        "fileName": "policy.parquet",
                        "fileSystem": "policydata"
                    },
                    "compressionCodec": "snappy"
                },
                "schema": [
                    {
                        "name": "CountryName",
                        "type": "UTF8"
                    },
                    {
                        "name": "CountryCode",
                        "type": "UTF8"
                    },
                    {
                        "name": "RegionName",
                        "type": "UTF8"
                    },
                    {
                        "name": "RegionCode",
                        "type": "UTF8"
                    },
                    {
                        "name": "Jurisdiction",
                        "type": "UTF8"
                    },
                    {
                        "name": "Date",
                        "type": "INT96"
                    },
                    {
                        "name": "C1_School_closing",
                        "type": "INT64"
                    },
                    {
                        "name": "C1_Flag",
                        "type": "DOUBLE"
                    },
                    {
                        "name": "C2_Workplace_closing",
                        "type": "INT64"
                    },
                    {
                        "name": "C2_Flag",
                        "type": "DOUBLE"
                    },
                    {
                        "name": "C3_Cancel_public_events",
                        "type": "DOUBLE"
                    },
                    {
                        "name": "C3_Flag",
                        "type": "DOUBLE"
                    },
                    {
                        "name": "C4_Restrictions_on_gatherings",
                        "type": "DOUBLE"
                    },
                    {
                        "name": "C4_Flag",
                        "type": "DOUBLE"
                    },
                    {
                        "name": "C5_Close_public_transport",
                        "type": "DOUBLE"
                    },
                    {
                        "name": "C5_Flag",
                        "type": "DOUBLE"
                    },
                    {
                        "name": "C6_Stay_at_home_requirements",
                        "type": "DOUBLE"
                    },
                    {
                        "name": "C6_Flag",
                        "type": "DOUBLE"
                    },
                    {
                        "name": "C7_Restrictions_on_internal_movement",
                        "type": "DOUBLE"
                    },
                    {
                        "name": "C7_Flag",
                        "type": "DOUBLE"
                    },
                    {
                        "name": "C8_International_travel_controls",
                        "type": "DOUBLE"
                    },
                    {
                        "name": "E1_Income_support",
                        "type": "INT64"
                    },
                    {
                        "name": "E1_Flag",
                        "type": "DOUBLE"
                    },
                    {
                        "name": "E2_Debt_contract_relief",
                        "type": "DOUBLE"
                    },
                    {
                        "name": "E3_Fiscal_measures",
                        "type": "DOUBLE"
                    },
                    {
                        "name": "E4_International_support",
                        "type": "DOUBLE"
                    },
                    {
                        "name": "H1_Public_information_campaigns",
                        "type": "DOUBLE"
                    },
                    {
                        "name": "H1_Flag",
                        "type": "DOUBLE"
                    },
                    {
                        "name": "H2_Testing_policy",
                        "type": "DOUBLE"
                    },
                    {
                        "name": "H3_Contact_tracing",
                        "type": "DOUBLE"
                    },
                    {
                        "name": "H4_Emergency_investment_in_healthcare",
                        "type": "DOUBLE"
                    },
                    {
                        "name": "H5_Investment_in_vaccines",
                        "type": "DOUBLE"
                    },
                    {
                        "name": "H6_Facial_Coverings",
                        "type": "DOUBLE"
                    },
                    {
                        "name": "H6_Flag",
                        "type": "DOUBLE"
                    },
                    {
                        "name": "H7_Vaccination_policy",
                        "type": "DOUBLE"
                    },
                    {
                        "name": "H7_Flag",
                        "type": "DOUBLE"
                    },
                    {
                        "name": "H8_Protection_of_elderly_people",
                        "type": "DOUBLE"
                    },
                    {
                        "name": "H8_Flag",
                        "type": "DOUBLE"
                    },
                    {
                        "name": "M1_Wildcard",
                        "type": "DOUBLE"
                    },
                    {
                        "name": "StringencyIndex",
                        "type": "DOUBLE"
                    },
                    {
                        "name": "StringencyIndexForDisplay",
                        "type": "DOUBLE"
                    },
                    {
                        "name": "StringencyLegacyIndex",
                        "type": "DOUBLE"
                    },
                    {
                        "name": "StringencyLegacyIndexForDisplay",
                        "type": "DOUBLE"
                    },
                    {
                        "name": "GovernmentResponseIndex",
                        "type": "DOUBLE"
                    },
                    {
                        "name": "GovernmentResponseIndexForDisplay",
                        "type": "DOUBLE"
                    },
                    {
                        "name": "ContainmentHealthIndex",
                        "type": "DOUBLE"
                    },
                    {
                        "name": "ContainmentHealthIndexForDisplay",
                        "type": "DOUBLE"
                    },
                    {
                        "name": "EconomicSupportIndex",
                        "type": "DOUBLE"
                    },
                    {
                        "name": "EconomicSupportIndexForDisplay",
                        "type": "DOUBLE"
                    },
                    {
                        "name": "id",
                        "type": "UTF8"
                    },
                    {
                        "name": "_rid",
                        "type": "UTF8"
                    },
                    {
                        "name": "_self",
                        "type": "UTF8"
                    },
                    {
                        "name": "_etag",
                        "type": "UTF8"
                    },
                    {
                        "name": "_attachments",
                        "type": "UTF8"
                    },
                    {
                        "name": "_ts",
                        "type": "INT64"
                    }
                ]
            },
            "dependsOn": []
        },
        {
            "name": "[concat(parameters('factoryName'), '/Parquet9')]",
            "type": "Microsoft.DataFactory/factories/datasets",
            "apiVersion": "2018-06-01",
            "properties": {
                "linkedServiceName": {
                    "referenceName": "AzureDataLakeStorage2",
                    "type": "LinkedServiceReference"
                },
                "annotations": [],
                "type": "Parquet",
                "typeProperties": {
                    "location": {
                        "type": "AzureBlobFSLocation",
                        "fileName": "covid.parquet",
                        "fileSystem": "azuresqldata"
                    },
                    "compressionCodec": "snappy"
                },
                "schema": [
                    {
                        "name": "ID",
                        "type": "INT32"
                    },
                    {
                        "name": "Updated",
                        "type": "DATE"
                    },
                    {
                        "name": "Confirmed",
                        "type": "INT32"
                    },
                    {
                        "name": "Confirmed_Change",
                        "type": "INT32"
                    },
                    {
                        "name": "Deaths",
                        "type": "INT32"
                    },
                    {
                        "name": "Deaths_Change",
                        "type": "INT32"
                    },
                    {
                        "name": "Recovered",
                        "type": "INT32"
                    },
                    {
                        "name": "Recovered_Change",
                        "type": "INT32"
                    },
                    {
                        "name": "Latitude",
                        "type": "DECIMAL",
                        "precision": 10,
                        "scale": 5
                    },
                    {
                        "name": "Longitude",
                        "type": "DECIMAL",
                        "precision": 10,
                        "scale": 5
                    },
                    {
                        "name": "ISO2",
                        "type": "UTF8"
                    },
                    {
                        "name": "ISO3",
                        "type": "UTF8"
                    },
                    {
                        "name": "Country_Region",
                        "type": "UTF8"
                    },
                    {
                        "name": "load_time",
                        "type": "INT96"
                    }
                ]
            },
            "dependsOn": []
        },
        {
            "name": "[concat(parameters('factoryName'), '/SQLCountry')]",
            "type": "Microsoft.DataFactory/factories/datasets",
            "apiVersion": "2018-06-01",
            "properties": {
                "linkedServiceName": {
                    "referenceName": "AzureSqlDatabase1",
                    "type": "LinkedServiceReference"
                },
                "annotations": [],
                "type": "AzureSqlTable",
                "schema": [
                    {
                        "name": "Country",
                        "type": "varchar"
                    },
                    {
                        "name": "CountryCode",
                        "type": "varchar"
                    },
                    {
                        "name": "Latitude",
                        "type": "decimal",
                        "precision": 10,
                        "scale": 5
                    },
                    {
                        "name": "Longitude",
                        "type": "decimal",
                        "precision": 10,
                        "scale": 5
                    }
                ],
                "typeProperties": {
                    "schema": "dbo",
                    "table": "Country"
                }
            },
            "dependsOn": []
        },
        {
            "name": "[concat(parameters('factoryName'), '/SQLCovid')]",
            "type": "Microsoft.DataFactory/factories/datasets",
            "apiVersion": "2018-06-01",
            "properties": {
                "linkedServiceName": {
                    "referenceName": "AzureSqlDatabase1",
                    "type": "LinkedServiceReference"
                },
                "annotations": [],
                "type": "AzureSqlTable",
                "schema": [
                    {
                        "name": "ID",
                        "type": "int",
                        "precision": 10
                    },
                    {
                        "name": "Updated",
                        "type": "date"
                    },
                    {
                        "name": "Confirmed",
                        "type": "int",
                        "precision": 10
                    },
                    {
                        "name": "Confirmed_Change",
                        "type": "int",
                        "precision": 10
                    },
                    {
                        "name": "Deaths",
                        "type": "int",
                        "precision": 10
                    },
                    {
                        "name": "Deaths_Change",
                        "type": "int",
                        "precision": 10
                    },
                    {
                        "name": "Recovered",
                        "type": "int",
                        "precision": 10
                    },
                    {
                        "name": "Recovered_Change",
                        "type": "int",
                        "precision": 10
                    },
                    {
                        "name": "Latitude",
                        "type": "decimal",
                        "precision": 10,
                        "scale": 5
                    },
                    {
                        "name": "Longitude",
                        "type": "decimal",
                        "precision": 10,
                        "scale": 5
                    },
                    {
                        "name": "ISO2",
                        "type": "varchar"
                    },
                    {
                        "name": "ISO3",
                        "type": "varchar"
                    },
                    {
                        "name": "Country_Region",
                        "type": "varchar"
                    },
                    {
                        "name": "load_time",
                        "type": "datetime",
                        "precision": 23,
                        "scale": 3
                    }
                ],
                "typeProperties": {
                    "schema": "dbo",
                    "table": "Covid19_Metrics"
                }
            },
            "dependsOn": []
        },
        {
            "name": "[concat(parameters('factoryName'), '/SQLDates')]",
            "type": "Microsoft.DataFactory/factories/datasets",
            "apiVersion": "2018-06-01",
            "properties": {
                "linkedServiceName": {
                    "referenceName": "AzureSqlDatabase1",
                    "type": "LinkedServiceReference"
                },
                "annotations": [],
                "type": "AzureSqlTable",
                "schema": [
                    {
                        "name": "DateKey",
                        "type": "int",
                        "precision": 10
                    },
                    {
                        "name": "FullDate",
                        "type": "date"
                    },
                    {
                        "name": "isWeekDay",
                        "type": "bit"
                    },
                    {
                        "name": "DayOfWeek",
                        "type": "int",
                        "precision": 10
                    },
                    {
                        "name": "DayOfMonth",
                        "type": "int",
                        "precision": 10
                    },
                    {
                        "name": "DayOfQuarter",
                        "type": "int",
                        "precision": 10
                    },
                    {
                        "name": "DayOfYear",
                        "type": "int",
                        "precision": 10
                    },
                    {
                        "name": "DayName",
                        "type": "varchar"
                    },
                    {
                        "name": "WeekOfYear",
                        "type": "int",
                        "precision": 10
                    },
                    {
                        "name": "WeekName",
                        "type": "varchar"
                    },
                    {
                        "name": "MonthOfYear",
                        "type": "int",
                        "precision": 10
                    },
                    {
                        "name": "MonthName",
                        "type": "varchar"
                    },
                    {
                        "name": "CalendarQuarter",
                        "type": "int",
                        "precision": 10
                    },
                    {
                        "name": "CalendarQuarterName",
                        "type": "varchar"
                    },
                    {
                        "name": "CalendarYear",
                        "type": "int",
                        "precision": 10
                    },
                    {
                        "name": "FiscalMonth",
                        "type": "int",
                        "precision": 10
                    },
                    {
                        "name": "FiscalMonthName",
                        "type": "varchar"
                    },
                    {
                        "name": "FiscalQuarter",
                        "type": "int",
                        "precision": 10
                    },
                    {
                        "name": "FiscalQuarterName",
                        "type": "varchar"
                    },
                    {
                        "name": "FiscalYear",
                        "type": "int",
                        "precision": 10
                    }
                ],
                "typeProperties": {
                    "schema": "dbo",
                    "table": "Dates"
                }
            },
            "dependsOn": []
        },
        {
            "name": "[concat(parameters('factoryName'), '/SQLcovid_parquet')]",
            "type": "Microsoft.DataFactory/factories/datasets",
            "apiVersion": "2018-06-01",
            "properties": {
                "linkedServiceName": {
                    "referenceName": "AzureDataLakeStorage2",
                    "type": "LinkedServiceReference"
                },
                "annotations": [],
                "type": "Parquet",
                "typeProperties": {
                    "location": {
                        "type": "AzureBlobFSLocation",
                        "fileName": "covid.parquet",
                        "fileSystem": "azuresqldata"
                    },
                    "compressionCodec": "snappy"
                },
                "schema": [
                    {
                        "name": "ID",
                        "type": "INT32"
                    },
                    {
                        "name": "Updated",
                        "type": "DATE"
                    },
                    {
                        "name": "Confirmed",
                        "type": "INT32"
                    },
                    {
                        "name": "Confirmed_Change",
                        "type": "INT32"
                    },
                    {
                        "name": "Deaths",
                        "type": "INT32"
                    },
                    {
                        "name": "Deaths_Change",
                        "type": "INT32"
                    },
                    {
                        "name": "Recovered",
                        "type": "INT32"
                    },
                    {
                        "name": "Recovered_Change",
                        "type": "INT32"
                    },
                    {
                        "name": "Latitude",
                        "type": "DECIMAL",
                        "precision": 10,
                        "scale": 5
                    },
                    {
                        "name": "Longitude",
                        "type": "DECIMAL",
                        "precision": 10,
                        "scale": 5
                    },
                    {
                        "name": "ISO2",
                        "type": "UTF8"
                    },
                    {
                        "name": "ISO3",
                        "type": "UTF8"
                    },
                    {
                        "name": "Country_Region",
                        "type": "UTF8"
                    },
                    {
                        "name": "load_time",
                        "type": "INT96"
                    }
                ]
            },
            "dependsOn": []
        },
        {
            "name": "[concat(parameters('factoryName'), '/VMcountry_data_sink')]",
            "type": "Microsoft.DataFactory/factories/datasets",
            "apiVersion": "2018-06-01",
            "properties": {
                "linkedServiceName": {
                    "referenceName": "AzureDataLakeStorage2",
                    "type": "LinkedServiceReference"
                },
                "annotations": [],
                "type": "Parquet",
                "typeProperties": {
                    "location": {
                        "type": "AzureBlobFSLocation",
                        "fileSystem": "vmdata"
                    },
                    "compressionCodec": "snappy"
                },
                "schema": []
            },
            "dependsOn": []
        },
        {
            "name": "[concat(parameters('factoryName'), '/VMcovid_metrics_sink')]",
            "type": "Microsoft.DataFactory/factories/datasets",
            "apiVersion": "2018-06-01",
            "properties": {
                "linkedServiceName": {
                    "referenceName": "AzureDataLakeStorage2",
                    "type": "LinkedServiceReference"
                },
                "annotations": [],
                "type": "Parquet",
                "typeProperties": {
                    "location": {
                        "type": "AzureBlobFSLocation",
                        "fileSystem": "vmdata"
                    },
                    "compressionCodec": "snappy"
                },
                "schema": []
            },
            "dependsOn": []
        }
    ]
}